{
  "clients": [
    {
      "name": "Иван",
      "telegramId": "@vanya",
      "city": "Тольятти",
      "clientId": "10",
      "phoneNumbers": ["+7495 154 54 54"],
      "premiumStatus": true,
      "registrationDate": "2023-12-01T12:00:00Z",
      "lastActivityDate": "2024-12-15T10:00:00Z",
      "deliveryPoints": [
        {
          "type": "CDEK",
          "address": "Город Тольятти, улица Дидара, кв 5, пункт СДЭК 4"
        },
        {
          "type": "KIT",
          "address": "Город Тольятти, улица Дидара, кв 10, склад КИТ 63"
        }
      ],
      "balance": {
        "positiveBalance": 0,
        "debt": 145421,
        "lastUpdate": "2024-12-10T12:00:00Z",
        "creditLimit": 200000
      },
      "tags": ["должник", "премиум"]
    }
  ]
}
