{
  "accounts": [
    {
      "email": "Didar1520",
      "pass": "examplePass",
      "refCode": "dua9670",
      "typeOfMail": "gmail",
      "typeOfAcc": "main",
      "allow": true,
      "cards": {
        "creditCards": [
          {
            "isDefault": true,
            "allowDeletion": true,
            "creditCardAliasId": "A124599382376938",
            "billingAddressId": "1715771594",
            "cardBin": "4*****",
            "cardDigits": "1238",
            "cardHolderName": "Aidos Saudagerov",
            "cardType": "VISA",
            "creditCardId": "1706837150",
            "currencyCode": "USD",
            "displayName": "Visa",
            "expirationMonth": "5",
            "expirationYear": "2031",
            "isPending": false,
            "isExpired": false,
            "accountState": "Available",
            "translatedAccountState": "Доступен",
            "nickName": null,
            "tokenEngine": "Adyen3DS2",
            "tokenID": "100000000065566883",
            "orderSubscriptionUsed": false
          },
          {
            "isDefault": false,
            "allowDeletion": true,
            "creditCardAliasId": "A639321830458794",
            "billingAddressId": "1713757247",
            "cardBin": "4*****",
            "cardDigits": "6708",
            "cardHolderName": "DIDAR SAUDAGEROV",
            "cardType": "VISA",
            "creditCardId": "1705864379",
            "currencyCode": "USD",
            "displayName": "Visa",
            "expirationMonth": "4",
            "expirationYear": "2026",
            "isPending": false,
            "isExpired": false,
            "accountState": "Available",
            "translatedAccountState": "Доступен",
            "nickName": null,
            "orderSubscriptionUsed": false
          }
        ]
      },
      "reviews": {
        "productsWithReviews": 10,
        "productsWithoutReviews": 3
      },
      "rewards": {
        "availableRewardsSummary": {
          "availableAmount": 2066.08,
          "availablePromoReward": 0,
          "totalAvailableAmount": 2066.08,
          "pendingAmount": -1.06,
          "pendingEarnedRewardsTotalCount": 1,
          "allTimeEarnedAmount": 2068.08,
          "allTimeUgcEarnedAmount": 3,
          "allTimeReferralEarnedAmount": 2065.08,
          "allTimeCourtesyBonusEarnedAmount": 0,
          "redeemedAmount": 2,
          "cashedOutAmount": 0,
          "tillCashOutAmount": 0,
          "hasEarningData": true,
          "latestActiveRewardEarnedDate": "2024-12-10T08:00:00.000Z",
          "latestPendingRewardEarnedDate": "2024-12-02T06:54:23.797Z",
          "latestAllActiveRewardUpdatedDate": "2024-12-10T08:00:00.000Z",
          "recentPendingEarnedRewards": [],
          "availablePromoDateExpired": null,
          "availableRewardsDateExpired": "2025-03-10T08:00:00.000Z",
          "allTimeEarnedQuizAmount": 0,
          "allTimeEarnedPromotionalAmount": 0
        }
      }
    },
    {
      "email": "NewUser1520",
      "pass": "newExamplePass",
      "refCode": "new1234",
      "typeOfMail": "yahoo",
      "typeOfAcc": "secondary",
      "allow": false,
      "cards": {
        "creditCards": []
      },
      "reviews": {
        "productsWithReviews": 0,
        "productsWithoutReviews": 5
      },
      "rewards": {
        "availableRewardsSummary": {
          "availableAmount": 0,
          "availablePromoReward": 0,
          "totalAvailableAmount": 0,
          "pendingAmount": 0,
          "pendingEarnedRewardsTotalCount": 0,
          "allTimeEarnedAmount": 0,
          "allTimeUgcEarnedAmount": 0,
          "allTimeReferralEarnedAmount": 0,
          "allTimeCourtesyBonusEarnedAmount": 0,
          "redeemedAmount": 0,
          "cashedOutAmount": 0,
          "tillCashOutAmount": 0,
          "hasEarningData": false,
          "latestActiveRewardEarnedDate": null,
          "latestPendingRewardEarnedDate": null,
          "latestAllActiveRewardUpdatedDate": null,
          "recentPendingEarnedRewards": [],
          "availablePromoDateExpired": null,
          "availableRewardsDateExpired": null,
          "allTimeEarnedQuizAmount": 0,
          "allTimeEarnedPromotionalAmount": 0
        }
      }
    },
    {
      "email": "didar2520@proton.me",
      "pass": "",
      "refCode": "",
      "typeOfMail": "",
      "typeOfAcc": "autoCreated",
      "allow": true,
      "cards": {
        "creditCards": []
      },
      "reviews": {},
      "rewards": {
        "availableRewardsSummary": {
          "availableAmount": 0,
          "availablePromoReward": 0,
          "totalAvailableAmount": 0,
          "pendingAmount": 0,
          "pendingEarnedRewardsTotalCount": 0,
          "allTimeEarnedAmount": 464,
          "allTimeUgcEarnedAmount": 414,
          "allTimeReferralEarnedAmount": 0,
          "allTimeCourtesyBonusEarnedAmount": 0,
          "redeemedAmount": 464,
          "cashedOutAmount": 0,
          "tillCashOutAmount": 300,
          "hasEarningData": true,
          "latestActiveRewardEarnedDate": "2025-01-11T14:01:54.356Z",
          "latestPendingRewardEarnedDate": "2025-01-11T14:01:54.356Z",
          "latestAllActiveRewardUpdatedDate": "2024-09-28T01:49:46.697Z",
          "recentPendingEarnedRewards": [],
          "availablePromoDateExpired": null,
          "availableRewardsDateExpired": null,
          "allTimeEarnedQuizAmount": 0,
          "allTimeEarnedPromotionalAmount": 50
        },
        "availableRewards": {
          "value": 0,
          "formatted": "$0.00",
          "title": "Available Rewards to use"
        },
        "pendingRewards": {
          "value": 0,
          "formatted": "$0.00",
          "title": "Pending Rewards"
        }
      }
    },
    {
      "email": "scorpion1520kz@mail.ru",
      "pass": "",
      "refCode": "",
      "typeOfMail": "",
      "typeOfAcc": "autoCreated",
      "allow": true,
      "cards": {
        "creditCards": []
      },
      "reviews": {},
      "rewards": {
        "availableRewardsSummary": {
          "availableAmount": 0,
          "availablePromoReward": 0,
          "totalAvailableAmount": 0,
          "pendingAmount": 0,
          "pendingEarnedRewardsTotalCount": 0,
          "allTimeEarnedAmount": 612,
          "allTimeUgcEarnedAmount": 612,
          "allTimeReferralEarnedAmount": 0,
          "allTimeCourtesyBonusEarnedAmount": 0,
          "redeemedAmount": 578.54,
          "cashedOutAmount": 0,
          "tillCashOutAmount": 300,
          "hasEarningData": true,
          "latestActiveRewardEarnedDate": "2025-01-10T05:36:22.299Z",
          "latestPendingRewardEarnedDate": "2025-01-10T05:36:22.299Z",
          "latestAllActiveRewardUpdatedDate": "2024-08-13T17:00:08.803Z",
          "recentPendingEarnedRewards": [],
          "availablePromoDateExpired": null,
          "availableRewardsDateExpired": null,
          "allTimeEarnedQuizAmount": 0,
          "allTimeEarnedPromotionalAmount": 0
        }
      }
    },
    {
      "email": "Barsik2022kz@proton.me",
      "pass": "Osaka_1520BK",
      "refCode": "",
      "typeOfMail": "",
      "typeOfAcc": "autoCreated",
      "allow": true,
      "cards": {
        "creditCards": []
      },
      "reviews": {},
      "rewards": {
        "availableRewardsSummary": {
          "availableAmount": 201,
          "availablePromoReward": 0,
          "totalAvailableAmount": 201,
          "pendingAmount": 0,
          "pendingEarnedRewardsTotalCount": 0,
          "allTimeEarnedAmount": 252,
          "allTimeUgcEarnedAmount": 202,
          "allTimeReferralEarnedAmount": 0,
          "allTimeCourtesyBonusEarnedAmount": 0,
          "redeemedAmount": 51,
          "cashedOutAmount": 0,
          "tillCashOutAmount": 99,
          "hasEarningData": true,
          "latestActiveRewardEarnedDate": "2025-01-10T09:39:50.728Z",
          "latestPendingRewardEarnedDate": "2025-01-10T09:39:50.728Z",
          "latestAllActiveRewardUpdatedDate": "2024-12-10T08:00:00.000Z",
          "recentPendingEarnedRewards": [],
          "availablePromoDateExpired": null,
          "availableRewardsDateExpired": "2025-01-13T09:40:17.000Z",
          "allTimeEarnedQuizAmount": 0,
          "allTimeEarnedPromotionalAmount": 50
        },
        "availableRewards": {
          "value": 201,
          "formatted": "$201.00",
          "title": "Available Rewards to use"
        },
        "pendingRewards": {
          "value": 0,
          "formatted": "$0.00",
          "title": "Pending Rewards"
        }
      }
    },
    {
      "email": "okinava1520@proton.me",
      "pass": "",
      "refCode": "",
      "typeOfMail": "",
      "typeOfAcc": "autoCreated",
      "allow": true,
      "cards": {
        "creditCards": []
      },
      "reviews": {},
      "rewards": {
        "availableRewardsSummary": {
          "availableAmount": 0,
          "availablePromoReward": 0,
          "totalAvailableAmount": 0,
          "pendingAmount": 0,
          "pendingEarnedRewardsTotalCount": 0,
          "allTimeEarnedAmount": 51,
          "allTimeUgcEarnedAmount": 1,
          "allTimeReferralEarnedAmount": 0,
          "allTimeCourtesyBonusEarnedAmount": 0,
          "redeemedAmount": 1,
          "cashedOutAmount": 0,
          "tillCashOutAmount": 300,
          "hasEarningData": true,
          "latestActiveRewardEarnedDate": "2025-01-16T16:04:38.184Z",
          "latestPendingRewardEarnedDate": "2025-01-16T16:04:38.184Z",
          "latestAllActiveRewardUpdatedDate": "2024-08-25T10:02:46.920Z",
          "recentPendingEarnedRewards": [],
          "availablePromoDateExpired": null,
          "availableRewardsDateExpired": null,
          "allTimeEarnedQuizAmount": 0,
          "allTimeEarnedPromotionalAmount": 50
        }
      }
    },
    {
      "email": "kazuyamishima2020@mail.ru",
      "pass": "",
      "refCode": "",
      "typeOfMail": "",
      "typeOfAcc": "autoCreated",
      "allow": true,
      "cards": {
        "creditCards": []
      },
      "reviews": {},
      "rewards": {
        "availableRewardsSummary": {
          "availableAmount": 0,
          "availablePromoReward": 0,
          "totalAvailableAmount": 0,
          "pendingAmount": 0,
          "pendingEarnedRewardsTotalCount": 0,
          "allTimeEarnedAmount": 106,
          "allTimeUgcEarnedAmount": 106,
          "allTimeReferralEarnedAmount": 0,
          "allTimeCourtesyBonusEarnedAmount": 0,
          "redeemedAmount": 99,
          "cashedOutAmount": 0,
          "tillCashOutAmount": 300,
          "hasEarningData": true,
          "latestActiveRewardEarnedDate": "2025-01-16T15:57:36.351Z",
          "latestPendingRewardEarnedDate": "2025-01-16T15:57:36.351Z",
          "latestAllActiveRewardUpdatedDate": "2025-01-14T06:00:15.783Z",
          "recentPendingEarnedRewards": [],
          "availablePromoDateExpired": null,
          "availableRewardsDateExpired": null,
          "allTimeEarnedQuizAmount": 0,
          "allTimeEarnedPromotionalAmount": 0
        }
      }
    },
    {
      "email": "bahrain_2022@proton.me",
      "pass": "",
      "refCode": "",
      "typeOfMail": "",
      "typeOfAcc": "autoCreated",
      "allow": true,
      "cards": {
        "creditCards": []
      },
      "reviews": {},
      "rewards": {
        "availableRewardsSummary": {
          "availableAmount": 0,
          "availablePromoReward": 0,
          "totalAvailableAmount": 0,
          "pendingAmount": 0,
          "pendingEarnedRewardsTotalCount": 0,
          "allTimeEarnedAmount": 540,
          "allTimeUgcEarnedAmount": 540,
          "allTimeReferralEarnedAmount": 0,
          "allTimeCourtesyBonusEarnedAmount": 0,
          "redeemedAmount": 538,
          "cashedOutAmount": 0,
          "tillCashOutAmount": 300,
          "hasEarningData": true,
          "latestActiveRewardEarnedDate": "2025-01-16T16:00:58.091Z",
          "latestPendingRewardEarnedDate": "2025-01-16T16:00:58.091Z",
          "latestAllActiveRewardUpdatedDate": "2025-01-15T06:40:02.430Z",
          "recentPendingEarnedRewards": [],
          "availablePromoDateExpired": null,
          "availableRewardsDateExpired": null,
          "allTimeEarnedQuizAmount": 0,
          "allTimeEarnedPromotionalAmount": 0
        }
      }
    },
    {
      "email": "abuhuraira2020@proton.me",
      "pass": "",
      "refCode": "",
      "typeOfMail": "",
      "typeOfAcc": "autoCreated",
      "allow": true,
      "cards": {
        "creditCards": []
      },
      "reviews": {},
      "rewards": {
        "availableRewardsSummary": {
          "availableAmount": 0,
          "availablePromoReward": 0,
          "totalAvailableAmount": 0,
          "pendingAmount": 0,
          "pendingEarnedRewardsTotalCount": 0,
          "allTimeEarnedAmount": 323,
          "allTimeUgcEarnedAmount": 323,
          "allTimeReferralEarnedAmount": 0,
          "allTimeCourtesyBonusEarnedAmount": 0,
          "redeemedAmount": 323,
          "cashedOutAmount": 0,
          "tillCashOutAmount": 300,
          "hasEarningData": true,
          "latestActiveRewardEarnedDate": "2025-01-18T11:34:58.543Z",
          "latestPendingRewardEarnedDate": "2025-01-18T11:34:58.543Z",
          "latestAllActiveRewardUpdatedDate": "2024-05-13T10:19:47.070Z",
          "recentPendingEarnedRewards": [],
          "availablePromoDateExpired": null,
          "availableRewardsDateExpired": null,
          "allTimeEarnedQuizAmount": 0,
          "allTimeEarnedPromotionalAmount": 0
        }
      }
    },
    {
      "email": "almaty_222kz@proton.me",
      "pass": "",
      "refCode": "",
      "typeOfMail": "",
      "typeOfAcc": "autoCreated",
      "allow": true,
      "cards": {
        "creditCards": []
      },
      "reviews": {
        "productsWithoutReviews": 13,
        "productsWithReviews": 606,
        "totalProducts": 619
      },
      "rewards": {
        "availableRewardsSummary": {
          "availableAmount": 0,
          "availablePromoReward": 0,
          "totalAvailableAmount": 0,
          "pendingAmount": 0,
          "pendingEarnedRewardsTotalCount": 0,
          "allTimeEarnedAmount": 2376.29,
          "allTimeUgcEarnedAmount": 0,
          "allTimeReferralEarnedAmount": 1770.29,
          "allTimeCourtesyBonusEarnedAmount": 0,
          "redeemedAmount": 1770.29,
          "cashedOutAmount": 0,
          "tillCashOutAmount": 300,
          "hasEarningData": true,
          "latestActiveRewardEarnedDate": "2024-07-02T20:00:29.823Z",
          "latestPendingRewardEarnedDate": "2025-01-22T12:59:03.733Z",
          "latestAllActiveRewardUpdatedDate": "2024-07-15T13:36:04.073Z",
          "recentPendingEarnedRewards": [],
          "availablePromoDateExpired": null,
          "availableRewardsDateExpired": null,
          "allTimeEarnedQuizAmount": 0,
          "allTimeEarnedPromotionalAmount": 0
        }
      }
    }
  ]
}