{
  "orders": [
    {
      "orderNumber": "532110706",
      "trackCode": "722500351310",
      "date": "2024-12-01T10:00:00Z",
      "price": {
        "rub": 10000,
        "commission": 10400,
        "usd": 100
      },
      "orderId": 10,
      "client": "Иван",
      "paymentMethod": "мобильный перевод",
      "paymentStatus": "не оплачен",
      "orderAccount": "sony2020kz@proton.me",
      "cartLink": "https://kz.iherb.com/tr/cb?pcodes=CDL-10100qty1_NAP-29928qty1&v=2&rcode=HIY3376",
      "orderSystemStatus": "заказ обработан",
      "iherbStatus": "выполняется обработка",
      "trackCodeStatus": "Готово к отправке",
      "deliveryAddress": "Сагимбаева Гульнара Назарбаева",
      "promoCodeUsed": "Gold120",
      "referralCodeUsed": "DUA9670",
      "cardUsed": "1238",
      "rewardsUsed": 0
    },
    {
      "orderNumber": "532110707",
      "trackCode": "722500351311",
      "date": "2024-12-02T15:00:00Z",
      "price": {
        "rub": 15000,
        "commission": 15600,
        "usd": 150
      },
      "orderId": 11,
      "client": "Андрей",
      "paymentMethod": "банковский перевод",
      "paymentStatus": "оплачен",
      "orderAccount": "andrey2020kz@proton.me",
      "cartLink": "https://kz.iherb.com/tr/cb?pcodes=ABC-20200qty1_XYZ-10001qty1&v=2&rcode=HIY3376",
      "orderSystemStatus": "заказ отправлен",
      "iherbStatus": "доставлен",
      "trackCodeStatus": "Доставлено",
      "deliveryAddress": "Петров Алексей Иванович, Лермонтова 15, Алматы",
      "promoCodeUsed": "Silver100",
      "referralCodeUsed": "AND5678",
      "cardUsed": "6708",
      "rewardsUsed": 500
    },
    {
      "orderNumber": "532110706",
      "trackCode": "722500351310",
      "date": "2025-02-10T10:00:00Z",
      "price": {
        "rub": 10000,
        "commission": 10400,
        "usd": 100
      },
      "orderId": 10,
      "client": "Иван",
      "paymentMethod": "мобильный перевод",
      "paymentStatus": "не оплачен",
      "orderAccount": "sony2020kz@proton.me",
      "cartLink": "https://kz.iherb.com/tr/cb?pcodes=CDL-10100qty1_NAP-29928qty1&v=2&rcode=HIY3376",
      "orderSystemStatus": "заказ обработан",
      "iherbStatus": "выполняется обработка",
      "trackCodeStatus": "Готово к отправке",
      "deliveryAddress": "Данияр Ермек Рахимович",
      "promoCodeUsed": "Gold120",
      "referralCodeUsed": "DUA9670",
      "cardUsed": "1238",
      "rewardsUsed": 0
    },
    {
      "orderNumber": "532110706",
      "trackCode": "722500351310",
      "date": "2025-02-10T10:00:00Z",
      "price": {
        "rub": 10000,
        "commission": 10400,
        "usd": 100
      },
      "orderId": 10,
      "client": "Иван",
      "paymentMethod": "мобильный перевод",
      "paymentStatus": "не оплачен",
      "orderAccount": "sony2020kz@proton.me",
      "cartLink": "https://kz.iherb.com/tr/cb?pcodes=CDL-10100qty1_NAP-29928qty1&v=2&rcode=HIY3376",
      "orderSystemStatus": "заказ обработан",
      "iherbStatus": "выполняется обработка",
      "trackCodeStatus": "Готово к отправке",
      "deliveryAddress": "Данияр Ермек Рахимович",
      "promoCodeUsed": "Gold120",
      "referralCodeUsed": "DUA9670",
      "cardUsed": "1238",
      "rewardsUsed": 0
    },
    {
      "orderNumber": "532110706",
      "trackCode": "722500351310",
      "date": "2025-02-10T10:00:00Z",
      "price": {
        "rub": 10000,
        "commission": 10400,
        "usd": 100
      },
      "orderId": 10,
      "client": "Иван",
      "paymentMethod": "мобильный перевод",
      "paymentStatus": "не оплачен",
      "orderAccount": "sony2020kz@proton.me",
      "cartLink": "https://kz.iherb.com/tr/cb?pcodes=CDL-10100qty1_NAP-29928qty1&v=2&rcode=HIY3376",
      "orderSystemStatus": "заказ обработан",
      "iherbStatus": "выполняется обработка",
      "trackCodeStatus": "Готово к отправке",
      "deliveryAddress": "Данияр Ермек Рахимович",
      "promoCodeUsed": "Gold120",
      "referralCodeUsed": "DUA9670",
      "cardUsed": "1238",
      "rewardsUsed": 0
    }
  ]
}
