{
  "orders": [
    {
      "orderNumber": "528569311",
      "dateUTC": "2024-08-31T14:40:14.4900000Z",
      "dateLocale": "31 августа 2024 г.",
      "orderSum": "$178,10‎",
      "mainStatus": "Доставлено",
      "secondStatus": "",
      "trackNumber": "722500257088",
      "canCancel": true,
      "products": [
        {
          "productName": "California Gold Nutrition, гидролизованные пептиды морского коллагена, без добавок, 200 г (7,05 унции)",
          "productHref": "https://www.iherb.com/pr/california-gold-nutrition-hydrolyzed-marine-collagen-peptides-unflavored-7-05-oz-200-g/102076",
          "quantity": "11",
          "partNumber": "CGN-01863",
          "productId": "102076"
        }
      ]
    },
    {
      "orderNumber": "528569289",
      "dateUTC": "2024-08-31T14:39:27.7930000Z",
      "dateLocale": "31 августа 2024 г.",
      "orderSum": "$191,05‎",
      "mainStatus": "Доставлено",
      "secondStatus": "",
      "trackNumber": "720000351286",
      "canCancel": true,
      "products": [
        {
          "productName": "Doctor's Best, наттокиназа, 2000 FU, 90 вегетарианских капсул",
          "productHref": "https://www.iherb.com/pr/doctor-s-best-nattokinase-2-000-fus-90-veggie-caps/33",
          "quantity": "2",
          "partNumber": "DRB-00125",
          "productId": "33"
        },
        {
          "productName": "Doctor's Best, альфа-липоевая кислота 600, 600 мг, 60 растительных капсул",
          "productHref": "https://www.iherb.com/pr/doctor-s-best-alpha-lipoic-acid-600-600-mg-60-veggie-caps/2475",
          "quantity": "13",
          "partNumber": "DRB-00133",
          "productId": "2475"
        }
      ]
    },
    {
      "orderNumber": "527455703",
      "dateUTC": "2024-07-15T13:36:01.0800000Z",
      "dateLocale": "15 июля 2024 г.",
      "orderSum": "$196,09‎",
      "mainStatus": "Доставлено",
      "secondStatus": "",
      "trackNumber": "",
      "canCancel": true,
      "products": [
        {
          "productName": "YumEarth, органические леденцы, ассорти, 14 леденцов в индивидуальной упаковке, 87 г (3,1 унции)",
          "productHref": "https://www.iherb.com/pr/yumearth-organic-pops-assorted-14-individually-wrapped-pops-3-1-oz-87-g/21101",
          "quantity": "1",
          "partNumber": "YUE-00101",
          "productId": "21101"
        },
        {
          "productName": "NOW Foods, L-лизин, 500 мг, 100 таблеток",
          "productHref": "https://www.iherb.com/pr/now-foods-l-lysine-500-mg-100-tablets/102336",
          "quantity": "2",
          "partNumber": "NOW-00100",
          "productId": "102336"
        },
        {
          "productName": "Enzymedica, Kids Digest, жевательные ферменты для детей, со вкусом фруктового пунша, 60 жевательных таблеток",
          "productHref": "https://www.iherb.com/pr/enzymedica-kids-digest-fruit-punch-60-chewable-tablets/74631",
          "quantity": "2",
          "partNumber": "ENZ-11010",
          "productId": "74631"
        },
        {
          "productName": "YumEarth, органические леденцы, ассорти вкусов, 50 леденцов, 310 г (10,9 унции)",
          "productHref": "https://www.iherb.com/pr/yumearth-organic-pops-assorted-flavors-50-pops-10-9-oz-310-g/10888",
          "quantity": "1",
          "partNumber": "YUE-00186",
          "productId": "10888"
        },
        {
          "productName": "Solaray, витамин C медленного высвобождения, 500 мг, 100 капсул VegCap",
          "productHref": "https://www.iherb.com/pr/solaray-timed-release-vitamin-c-500-mg-100-vegcaps/18974",
          "quantity": "2",
          "partNumber": "SOR-04400",
          "productId": "18974"
        },
        {
          "productName": "Doctor's Best, натуральный витамин K2 MK-7 с MenaQ7, 100 мкг, 60 вегетарианских капсул",
          "productHref": "https://www.iherb.com/pr/doctor-s-best-natural-vitamin-k2-mk-7-100-mcg-60-veggie-caps/61585",
          "quantity": "1",
          "partNumber": "DRB-00334",
          "productId": "61585"
        },
        {
          "productName": "Solaray, монолаурин, 500 мг, 60 вегетарианских капсул",
          "productHref": "https://www.iherb.com/pr/solaray-monolaurin-500-mg-60-vegcaps/42053",
          "quantity": "2",
          "partNumber": "SOR-62754",
          "productId": "42053"
        },
        {
          "productName": "Thorne, витамины D и K2, 25 мкг (1000 МЕ), 30 мл (1 жидк. унция)",
          "productHref": "https://www.iherb.com/pr/thorne-vitamin-d-k2-1-fl-oz-30-ml/23517",
          "quantity": "2",
          "partNumber": "THR-50001",
          "productId": "23517"
        },
        {
          "productName": "NOW Foods, коэнзим Q10 с рыбьим жиром с омега-3, 60 мг, 120 капсул",
          "productHref": "https://www.iherb.com/pr/now-foods-coq10-with-omega-3-fish-oil-60-mg-120-softgels/6142",
          "quantity": "1",
          "partNumber": "NOW-03166",
          "productId": "6142"
        },
        {
          "productName": "Thorne, витамин D в жидкой форме, 30 мл (1 жидк. унция)",
          "productHref": "https://www.iherb.com/pr/thorne-vitamin-d-liquid-25-mcg-1-fl-oz-30-ml/23516",
          "quantity": "1",
          "partNumber": "THR-16801",
          "productId": "23516"
        },
        {
          "productName": "NOW Foods, оболочка семян подорожника в капсулах, 700 мг, 180 вегетарианских капсул",
          "productHref": "https://www.iherb.com/pr/now-foods-psyllium-husk-caps-700-mg-180-veg-capsules/758",
          "quantity": "1",
          "partNumber": "NOW-05973",
          "productId": "758"
        }
      ]
    },
    {
      "orderNumber": "527455584",
      "dateUTC": "2024-07-15T13:30:27.8300000Z",
      "dateLocale": "15 июля 2024 г.",
      "orderSum": "$104,21‎",
      "mainStatus": "Доставлено",
      "secondStatus": "",
      "trackNumber": "",
      "canCancel": true,
      "products": [
        {
          "productName": "Natural Factors, WellBetX, берберин, 500 мг, 60 вегетарианских капсул",
          "productHref": "https://www.iherb.com/pr/natural-factors-wellbetx-berberine-500-mg-60-vegetarian-capsules/65987",
          "quantity": "1",
          "partNumber": "NFS-03544",
          "productId": "65987"
        },
        {
          "productName": "Natural Factors, WellBetX, берберин, 500 мг, 120 вегетарианских капсул",
          "productHref": "https://www.iherb.com/pr/natural-factors-wellbetx-berberine-500-mg-120-vegetarian-capsules/85657",
          "quantity": "2",
          "partNumber": "NFS-03543",
          "productId": "85657"
        },
        {
          "productName": "Solaray, Women's Golden Multivitamin, 90 капсул",
          "productHref": "https://www.iherb.com/pr/solaray-women-s-golden-multivitamin-90-capsules/85138",
          "quantity": "1",
          "partNumber": "SOR-04792",
          "productId": "85138"
        },
        {
          "productName": "NOW Foods, кошачий коготь, 500 мг, 100 вегетарианских капсул",
          "productHref": "https://www.iherb.com/pr/now-foods-cat-s-claw-500-mg-100-veg-capsules/16554",
          "quantity": "1",
          "partNumber": "NOW-04618",
          "productId": "16554"
        },
        {
          "productName": "California Gold Nutrition, омега-3, рыбий жир премиального качества, 240 капсул из рыбьего желатина",
          "productHref": "https://www.iherb.com/pr/california-gold-nutrition-omega-3-premium-fish-oil-240-fish-gelatin-softgels/86598",
          "quantity": "1",
          "partNumber": "CGN-01330",
          "productId": "86598"
        }
      ]
    },
    {
      "orderNumber": "527455365",
      "dateUTC": "2024-07-15T13:19:58.7200000Z",
      "dateLocale": "15 июля 2024 г.",
      "orderSum": "$95,36‎",
      "mainStatus": "Доставлено",
      "secondStatus": "",
      "trackNumber": "",
      "canCancel": true,
      "products": [
        {
          "productName": "California Gold Nutrition, LactoBif® 100 пробиотиков, 100 млрд КОЕ, 30 растительных капсул",
          "productHref": "https://www.iherb.com/pr/california-gold-nutrition-lactobif-100-probiotics-100-billion-cfu-30-veggie-capsules/69435",
          "quantity": "2",
          "partNumber": "CGN-01053",
          "productId": "69435"
        },
        {
          "productName": "Enzymedica, Kids Digest, жевательные ферменты для детей, со вкусом фруктового пунша, 60 жевательных таблеток",
          "productHref": "https://www.iherb.com/pr/enzymedica-kids-digest-fruit-punch-60-chewable-tablets/74631",
          "quantity": "1",
          "partNumber": "ENZ-11010",
          "productId": "74631"
        },
        {
          "productName": "InnovixLabs, Mood Probiotic, добавка с пробиотиками для поддержки настроения, 60 капсул",
          "productHref": "https://www.iherb.com/pr/innovixlabs-mood-probiotic-mood-support-supplement-60-capsules/94914",
          "quantity": "1",
          "partNumber": "INV-98475",
          "productId": "94914"
        },
        {
          "productName": "Doctor's Best, наттокиназа, 2000 FU, 90 вегетарианских капсул",
          "productHref": "https://www.iherb.com/pr/doctor-s-best-nattokinase-2-000-fus-90-veggie-caps/33",
          "quantity": "1",
          "partNumber": "DRB-00125",
          "productId": "33"
        }
      ]
    }
  ]
}