[
  {
    "Account": "Didar1520@proton.me",
    "Promocode": "gold60",
    "rederalLink": "dua9670",
    "orderID": 1,
    "CartLink": "https://www.iherb.com/pal/referral/ARN0872/cart?pcodes=NLD-00097qty1_CFA-01396qty2_LEX-19311qty1_CGN-01330qty1_LEX-23176qty1_NAP-03770qty1_DIC-00030qty1&rcode=ARN0872&utm_medium=appshare",
    "ClientName": "Иван 542"
  },
  {
    "Account": "LebronJameskz@mail.ru",
    "Promocode": "Gold120",
    "rederalLink": "dua9670",
    "orderID": 2,
    "CartLink": "https://www.iherb.com/pal/referral/AFN8378/cart?pcodes=NAP-29964qty1_BTZ-75109qty1_NAP-29996qty1_CGN-01842qty1_DRB-00210qty1_LFH-28221qty1_SNS-00803qty1_SWV-01424qty1_CGN-02278qty1_NOW-01683qty2_DRB-00250qty4",
    "ClientName": "Иван 542"
  }, 
  {
    "Account": "LebronJameskz@mail.ru",
    "sync": "orders, reviews, mainInfo"
  }

]