[
  {
    "FullName": "Толешов Бауыржан Айдосулы",
    "Name": "Бауыржан",
    "MiddleName": "Айдосулы",
    "Surname": "Толешов",
    "Pasport": 960722301895,
    "Street": "Бакинский Бурылысы 1Г Уй",
    "City": "Каскелен",
    "Region": "Алматинская Область",
    "Post": "040901",
    "Number": 77077751996
  },
  {
    "FullName": "Саудагерова Айзат Толешовна",
    "Name": "Айзат",
    "MiddleName": "Толешовна",
    "Surname": "Саудагерова",
    "Pasport": 850507401671,
    "Street": "Ак Жайык 113А Уй",
    "City": "Каскелен",
    "Region": "Алматинская Область",
    "Post": "040904",
    "Number": 77083036267
  },
  {
    "FullName": "Жанкелди Бекмурат Жанкелдиулы",
    "Name": "Бекмурат",
    "MiddleName": "Жанкелдиулы",
    "Surname": "Жанкелди",
    "Pasport": 980529301176,
    "Street": "Ак Жайык 170Б Уй",
    "City": "Каскелен",
    "Region": "Алматинская Область",
    "Post": "040900",
    "Number": 77089720643
  },
  {
    "FullName": "Данияр Ермек Рахимович",
    "Name": "Ермек",
    "MiddleName": "Рахимович",
    "Surname": "Данияр",
    "Pasport": 970103300857,
    "Street": "Жангозина бурылысы 20А Уй",
    "City": "Каскелен",
    "Region": "Алматинская Область",
    "Post": "040901",
    "Number": 77786865881
  },
  {
    "FullName": "Тургумбай Айбану Сейтжанкызы",
    "Name": "Айбану",
    "MiddleName": "Сейтжанкызы",
    "Surname": "Тургумбай",
    "Pasport": 971227400507,
    "Street": "Гасанбек Алиева 15В Уй",
    "City": "Qasqelen",
    "Region": "Алматы Облысы",
    "Post": "040904",
    "Number": 77076669138
  },
  {
    "FullName": "Арыстанбек Баглан Есилулы",
    "Name": "Баглан",
    "MiddleName": "Есилулы",
    "Surname": "Арыстанбек",
    "Pasport": 970805351238,
    "Street": "Байдибеков Баба 11А Уй",
    "City": "Kaskelen",
    "Region": "Алматы Облысы",
    "Post": "040900",
    "Number": 77072939697
  },
  {
    "FullName": "Серик Жумабек Серикулы",
    "Name": "Жумабек",
    "MiddleName": "Серикулы",
    "Surname": "Серик",
    "Pasport": 970301301144,
    "Street": "Байдибеков Баба 13Б",
    "City": "Каскелен",
    "Region": "Almaty Region",
    "Post": "040900",
    "Number": 77084916597
  },
  {
    "FullName": "Тулегенов Руслан Нурланович",
    "Name": "Руслан",
    "MiddleName": "Нурланович",
    "Surname": "Тулегенов",
    "Pasport": 971031350831,
    "Street": "Сарыжайлаухан 10А уй",
    "City": "Каскелен",
    "Region": "Алматинская Область",
    "Post": "040901",
    "Number": 77086352941
  },
  {
    "FullName": "Утетлеуов Нұрберген Пернебекұлы",
    "Name": "Нұрберген",
    "MiddleName": "Пернебекұлы",
    "Surname": "Утетлеуов",
    "Pasport": "000217500375",
    "Street": "Парасатбек 01А Уй",
    "City": "Каскелен",
    "Region": "Алматинская Область",
    "Post": "040904",
    "Number": 77053957303
  },
  {
    "FullName": "Тыныштықпаева Нурай Есенкызы",
    "Name": "Нурай",
    "MiddleName": "Есенкызы",
    "Surname": "Тыныштықпаева",
    "Pasport": "960308451282",
    "Street": "Парасатбек 02Б Уй",
    "City": "Каскелен",
    "Region": "Алматинская Область",
    "Post": "040900",
    "Number": 77000981520
  },
  {
    "FullName": "Куптилеуов Фархад Темирбекович",
    "Name": "Фархад",
    "MiddleName": "Темирбекович",
    "Surname": "Куптилеуов",
    "Pasport": "870215301839",
    "Street": "Жангозинабек 87А Уй",
    "City": "Qasqelen",
    "Region": "Алматинская Область",
    "Post": "040900",
    "Number": 77083290987
  },
  {
    "FullName": "Абдразаков Қайрат Айдынұлы",
    "Name": "Қайрат",
    "MiddleName": "Айдынұлы",
    "Surname": "Абдразаков",
    "Pasport": "940614301253",
    "Street": "Парасатбек 20Д",
    "City": "Kaskelen",
    "Region": "Алматы Облысы",
    "Post": "040901",
    "Number": 77077737311
  },
  {
    "FullName": "Саудагеров Айдар Толешеулы",
    "Name": "Айдар",
    "MiddleName": "Толешеулы",
    "Surname": "Саудагеров",
    "Pasport": "781127302299",
    "Street": "Кошкенчинов 328",
    "City": "Каскелен",
    "Region": "Алматы Облысы",
    "Post": "040904",
    "Number": 77054655055
  },
  {
    "FullName": "Куанышева Мадина Зейнелкаримовна",
    "Name": "Мадина",
    "MiddleName": "Зейнелкаримовна",
    "Surname": "Куанышева",
    "Pasport": "730125400632",
    "Street": "Толе Би 541",
    "City": "Каскелен",
    "Region": "Almaty Region",
    "Post": "040900",
    "Number": 77478813109
  },
  {
    "FullName": "Аманжолов Жанат Кабдулдинович",
    "Name": "Жанат",
    "MiddleName": "Кабдулдинович",
    "Surname": "Аманжолов",
    "Pasport": "630228302592",
    "Street": "Гасанбек Алиева 63Д",
    "City": "Каскелен",
    "Region": "Алматинская Область",
    "Post": "040900",
    "Number": 77077189305
  },
  {
    "FullName": "Жазылбекова Жулдыз Тлеулесовна",
    "Name": "Жулдыз",
    "MiddleName": "Тлеулесовна",
    "Surname": "Жазылбекова",
    "Pasport": "880314401360",
    "Street": "Жангозинабек Бурылысы 129А Уй",
    "City": "Каскелен",
    "Region": "Алматинская Область",
    "Post": "040901",
    "Number": 77775775550
  },
  {
    "FullName": "Айдарулы Кайрат Айдарулы",
    "Name": "Кайрат",
    "MiddleName": "Айдарулы",
    "Surname": "Айдарулы",
    "Pasport": "850402300309",
    "Street": "Гасанбек Алиева 1Г",
    "City": "Qasqelen",
    "Region": "Алматинская Область",
    "Post": "040904",
    "Number": 77005775550
  },
  {
    "FullName": "Тлеулес Сабина Бауржанкызы",
    "Name": "Сабина",
    "MiddleName": "Бауржанкызы",
    "Surname": "Тлеулес",
    "Pasport": "031213600907",
    "Street": "Гасанбай Алиева 207А",
    "City": "Kaskelen",
    "Region": "Алматинская Область",
    "Post": "040900",
    "Number": 77477131203
  },
  {
    "FullName": "Ибраева Шинарай КайратКизи",
    "Name": "Шинарай",
    "MiddleName": "КайратКизи",
    "Surname": "Ибраева",
    "Pasport": "981127000176",
    "Street": "Гасанбек Алиева 991Б",
    "City": "Каскелен",
    "Region": "Алматы Облысы",
    "Post": "040900",
    "Number": 77058548887
  },
  {
    "FullName": "Берикбаев Нуржан Каблекперович",
    "Name": "Нуржан",
    "MiddleName": "Каблекперович",
    "Surname": "Берикбаев",
    "Pasport": "800815302847",
    "Street": "Ак Жайык 141А",
    "City": "Каскелен",
    "Region": "Алматы Облысы",
    "Post": "040901",
    "Number": 77773198722
  },
  {
    "FullName": "Саудагеров Ержан Жандосулы",
    "Name": "Ержан",
    "MiddleName": "Жандосулы",
    "Surname": "Саудагеров",
    "Pasport": "990116300729",
    "Street": "Жангозина 433А",
    "City": "Каскелен",
    "Region": "Almaty Region",
    "Post": "040904",
    "Number": 77082495878
  },
  {
    "FullName": "Ахмет Зульфира Олегкызы",
    "Name": "Зульфира",
    "MiddleName": "Олегкызы",
    "Surname": "Ахмет",
    "Pasport": "950818450304",
    "Street": "Жангозина 304А",
    "City": "Каскелен",
    "Region": "Алматинская Область",
    "Post": "040900",
    "Number": 77475059590
  },
  {
    "FullName": "Муратбеккызы Динара Муратбеккызы",
    "Name": "Динара",
    "MiddleName": "Муратбеккызы",
    "Surname": "Муратбеккызы",
    "Pasport": "860612402246",
    "Street": "Сарыжайлаухан 246А",
    "City": "Qasqelen",
    "Region": "Алматинская Область",
    "Post": "040900",
    "Number": 77057508245
  },
  {
    "FullName": "Кыстаубаев Алтынбек Султанмуратбекович",
    "Name": "Алтынбек",
    "MiddleName": "Султанмуратбекович",
    "Surname": "Кыстаубаев",
    "Pasport": "871026302655",
    "Street": "Сарыжайлаухан 165Г",
    "City": "Kaskelen",
    "Region": "Алматинская Область",
    "Post": "040901",
    "Number": 77713101301
  },
  {
    "FullName": "Кожабергенова Айман Амантаевна",
    "Name": "Айман",
    "MiddleName": "Амантаевна",
    "Surname": "Кожабергенова",
    "Pasport": "841206402575",
    "Street": "Сарыжайлаухан 175А Уй",
    "City": "Каскелен",
    "Region": "Алматинская Область",
    "Post": "040904",
    "Number": 77024023343
  },
  {
    "FullName": "Сагимбаева Гульнара Амантаевна",
    "Name": "Гульнара",
    "MiddleName": "Амантаевна",
    "Surname": "Сагимбаева",
    "Pasport": "910710401440",
    "Street": "Сарыжайлауханбек 440А уй",
    "City": "Каскелен",
    "Region": "Алматы Облысы",
    "Post": "040900",
    "Number": 77475059590
  },
  {
    "FullName": "Мауетов Ерлан Курманулы",
    "Name": "Ерлан",
    "MiddleName": "Курманулы",
    "Surname": "Мауетов",
    "Pasport": "870127301366",
    "Street": "Жангозинабек Бурылысы 366А Уй",
    "City": "Каскелен",
    "Region": "Алматы Облысы",
    "Post": "040900",
    "Number": 77072200020
  },
  {
    "FullName": "Коптилеуов Темирбек Коптилеуович",
    "Name": "Темирбек",
    "MiddleName": "Коптилеуович",
    "Surname": "Коптилеуов",
    "Pasport": "540110301622",
    "Street": "Жангозинабек Бурылысы 622А",
    "City": "Каскелен",
    "Region": "Almaty Region",
    "Post": "040901",
    "Number": 77027478779
  },
  {
    "FullName": "Нурмагамбетов Айбек Болатулы",
    "Name": "Айбек",
    "MiddleName": "Болатулы",
    "Surname": "Нурмагамбетов",
    "Pasport": "970425351254",
    "Street": "Жангозинабек Бурылысы 254Г Уй",
    "City": "Qasqelen",
    "Region": "Алматинская Область",
    "Post": "040904",
    "Number": 77012415256
  },
  {
    "FullName": "Сугарин Дархан Макымжанович",
    "Name": "Дархан",
    "MiddleName": "Макымжанович",
    "Surname": "Сугарин",
    "Pasport": "870324302682",
    "Street": "Ак Жайыкбек 682Г Уй",
    "City": "Kaskelen",
    "Region": "Алматинская Область",
    "Post": "040900",
    "Number": 77775060835
  },
  {
    "FullName": "Ташпанов Бауыржан Динаманович",
    "Name": "Бауыржан",
    "MiddleName": "Динаманович",
    "Surname": "Ташпанов",
    "Pasport": "911006301668",
    "Street": "Ак Жайыкбек 668Г Уй",
    "City": "Каскелен",
    "Region": "Алматинская Область",
    "Post": "040900",
    "Number": 77024947377
  },
  {
    "FullName": "Сулейменов Шынгыс Жанабергенович",
    "Name": "Шынгыс",
    "MiddleName": "Жанабергенович",
    "Surname": "Сулейменов",
    "Pasport": "860502301550",
    "Street": "Мугалжарбек 092",
    "City": "Каскелен",
    "Region": "Алматинская Область",
    "Post": "040901",
    "Number": 77009682791
  },
  {
    "FullName": "Шанбаев Тулеген Абдигаппарович",
    "Name": "Тулеген",
    "MiddleName": "Абдигаппарович",
    "Surname": "Шанбаев",
    "Pasport": "870130302737",
    "Street": "Бакинский бурылысы 134Г Уй",
    "City": "Каскелен",
    "Region": "Алматы Облысы",
    "Post": "040904",
    "Number": 77085289400
  },
  {
    "FullName": "Саудагеров Асхат Толешович",
    "Name": "Асхат",
    "MiddleName": "Толешович",
    "Surname": "Саудагеров",
    "Pasport": "711011350740",
    "Street": "Бакинский бурылысы 165Д",
    "City": "Каскелен",
    "Region": "Алматы Облысы",
    "Post": "040900",
    "Number": 77472224085
  },
  {
    "FullName": "Байдеш Сымбат Октябрькызы",
    "Name": "Сымбат",
    "MiddleName": "Октябрькызы",
    "Surname": "Байдеш",
    "Pasport": "970521400298",
    "Street": "Zhangozina 310G Appartment",
    "City": "Qasqelen",
    "Region": "Almaty Region",
    "Post": "040900",
    "Number": 77089088689
  },
  {
    "FullName": "Мусаева Кенжегуль Рахимовна",
    "Name": "Кенжегуль",
    "MiddleName": "Рахимовна",
    "Surname": "Мусаева",
    "Pasport": "701215401835",
    "Street": "Бастау 271Г Уй",
    "City": "Kaskelen",
    "Region": "Алматинская Область",
    "Post": "040901",
    "Number": 77789953241
  },
  {
    "FullName": "Касымов Динмухаммед Ерболулы",
    "Name": "Динмухаммед",
    "MiddleName": "Ерболулы",
    "Surname": "Касымов",
    "Pasport": "980430301465",
    "Street": "Alimkulova 253G Apartment",
    "City": "Каскелен",
    "Region": "Алматинская Область",
    "Post": "040904",
    "Number": 77081436959
  },
  {
    "FullName": "Отемисов Даулет Талгатович",
    "Name": "Даулет",
    "MiddleName": "Талгатович",
    "Surname": "Отемисов",
    "Pasport": "931028300118",
    "Street": "Шалкарбек 114А Уй",
    "City": "Каскелен",
    "Region": "Алматинская Область",
    "Post": "040900",
    "Number": 77752209599
  },
  {
    "FullName": "Саудагеров Айдос Толешевич",
    "Name": "Айдос",
    "MiddleName": "Толешевич",
    "Surname": "Саудагеров",
    "Pasport": "711011302582",
    "Street": "Жангозина 1D",
    "City": "Каскелен",
    "Region": "Алматинская Область",
    "Post": "040900",
    "Number": 77077574745
  },
  {
    "FullName": "Саудагерова Динара Кадылбековна",
    "Name": "Динара",
    "MiddleName": "Кадылбековна",
    "Surname": "Саудагерова",
    "Pasport": "730818402428",
    "Street": "Ак Жайык 332Г",
    "City": "Каскелен",
    "Region": "Алматы Облысы",
    "Post": "040901",
    "Number": 77007729375
  },
  {
    "FullName": "Уарбеков Акежан Бауыржанулы",
    "Name": "Акежан",
    "MiddleName": "Бауыржанулы",
    "Surname": "Уарбеков",
    "Pasport": "970816350767",
    "Street": "Казыбек Би 661 Г Уй",
    "City": "Qasqelen",
    "Region": "Алматы Облысы",
    "Post": "040904",
    "Number": 77071173291
  },
  {
    "FullName": "Женисов Адлет Дауренбекулы",
    "Name": "Адлет",
    "MiddleName": "Дауренбекулы",
    "Surname": "Женисов",
    "Pasport": "980525300067",
    "Street": "Уалиханова 421В Уй",
    "City": "Каскелен",
    "Region": "Алматинская Область",
    "Post": "040900",
    "Number": 77477776698
  },
  {
    "FullName": "Адилхан Кайсар Адилхан",
    "Name": "Кайсар",
    "MiddleName": "Адилхан",
    "Surname": "Адилхан",
    "Pasport": "801210000121",
    "Street": "Кенесары Батыр 732",
    "City": "Каскелен",
    "Region": "Алматинская Область",
    "Post": "040900",
    "Number": 77019803777
  },
  {
    "FullName": "Шениева Хатира Мухтаровна",
    "Name": "Хатира",
    "MiddleName": "Мухтаровна",
    "Surname": "Шениева",
    "Pasport": "520620402527",
    "Street": "Абылай Хан 862",
    "City": "Каскелен",
    "Region": "Алматинская Область",
    "Post": "040901",
    "Number": 77788354449
  },
  {
    "FullName": "Шениев Жанарбек Кадылбекович",
    "Name": "Жанарбек",
    "MiddleName": "Кадылбекович",
    "Surname": "Шениев",
    "Pasport": 790513302961,
    "Street": "Шалкарбек 78Г Уй",
    "City": "Каскелен",
    "Region": "Алматинская Область",
    "Post": "040904",
    "Number": 77770633330
  },
  {
    "FullName": "Рисмухамедова Гулзода Кабуловна",
    "Name": "Гулзода",
    "MiddleName": "Кабуловна",
    "Surname": "Рисмухамедова",
    "Pasport": "850401403374",
    "Street": "Парасат 632",
    "City": "Qasqelen",
    "Region": "Алматы Облысы",
    "Post": "040900",
    "Number": 77072707285
  },
  {
    "FullName": "Нусипов Сержан Акманович",
    "Name": "Сержан",
    "MiddleName": "Акманович",
    "Surname": "Нусипов",
    "Pasport": "750217301935",
    "Street": "Парасат 33Б",
    "City": "Kaskelen",
    "Region": "Алматы Облысы",
    "Post": "040900",
    "Number": 77770186012
  },
  {
    "FullName": "Рахимбаева Кенжегуль Куандыкова",
    "Name": "Кенжегуль",
    "MiddleName": "Куандыкова",
    "Surname": "Рахимбаева",
    "Pasport": "731002402622",
    "Street": "Шалкарбаев 394",
    "City": "Каскелен",
    "Region": "Almaty Region",
    "Post": "040901",
    "Number": 77056483300
  },
  {
    "FullName": "Койгарина Данагуль Койгаринова",
    "Name": "Данагуль",
    "MiddleName": "Койгаринова",
    "Surname": "Койгарина",
    "Pasport": "810404450632",
    "Street": "Абылай Хан 657",
    "City": "Каскелен",
    "Region": "Алматинская Область",
    "Post": "040904",
    "Number": 77078346871
  },
  {
    "FullName": "Жазылбеков Ержан Тлеулесович",
    "Name": "Ержан",
    "MiddleName": "Тлеулесович",
    "Surname": "Жазылбеков",
    "Pasport": "810704302538",
    "Street": "Алимкулова 476Г",
    "City": "Каскелен",
    "Region": "Алматинская Область",
    "Post": "040900",
    "Number": 77078735427
  },
  {
    "FullName": "Исламбекова Куралай Акмадиевна",
    "Name": "Куралай",
    "MiddleName": "Акмадиевна",
    "Surname": "Исламбекова",
    "Pasport": "751101401488",
    "Street": "Алимкулова 812Д",
    "City": "Каскелен",
    "Region": "Алматинская Область",
    "Post": "040900",
    "Number": 77079848376
  },
  {
    "FullName": "Отемис Абай Талгатулы",
    "Name": "Абай",
    "MiddleName": "Талгатулы",
    "Surname": "Отемис",
    "Pasport": "950810301128",
    "Street": "Абылай Хана 361А",
    "City": "Qasqelen",
    "Region": "Алматинская Область",
    "Post": "040901",
    "Number": 77078515751
  },
  {
    "FullName": "Жубаниязов Талгат Бейбитович",
    "Name": "Талгат",
    "MiddleName": "Бейбитович",
    "Surname": "Жубаниязов",
    "Pasport": "960106301866",
    "Street": "Касымбек 325Д КВ45",
    "City": "Kaskelen",
    "Region": "Алматы Облысы",
    "Post": "040904",
    "Number": 77471098055
  },
  {
    "FullName": "Касымбеков Аблай Жарылхапович",
    "Name": "Аблай",
    "MiddleName": "Жарылхапович",
    "Surname": "Касымбеков",
    "Pasport": "930726301455",
    "Street": "ЖК Карлыгаш, 321 дом, КВ 821",
    "City": "Каскелен",
    "Region": "Алматы Облысы",
    "Post": "040900",
    "Number": 77471313771
  },
  {
    "FullName": "Саудагеров Жандос Толешович",
    "Name": "Жандос",
    "MiddleName": "Толешович",
    "Surname": "Саудагеров",
    "Pasport": "761002302483",
    "Street": "Ынтымак 366Г КВ511",
    "City": "Каскелен",
    "Region": "Almaty Region",
    "Post": "040900",
    "Number": 77073069876
  },
  {
    "FullName": "Абилазиз Жалгас Абиласанович",
    "Name": "Жалгас",
    "MiddleName": "Абиласанович",
    "Surname": "Абилазиз",
    "Pasport": "950828300514",
    "Street": "ЖК Карлыгаш, 743 дом КВ 630",
    "City": "Каскелен",
    "Region": "Алматинская Область",
    "Post": "040900",
    "Number": 77714386082
  },
  {
    "FullName": "Мырзагулов Ахметзакий Мухамадиевич",
    "Name": "Ахметзакий",
    "MiddleName": "Мухамадиевич",
    "Surname": "Мырзагулов",
    "Pasport": "551001301119",
    "Street": "Jiloy Kompleks Karligash 33",
    "City": "Каскелен",
    "Region": "Алматинская Область",
    "Post": "040900",
    "Number": 77477077077
  },
  {
    "FullName": "Тотаева Акмарал Маратовна",
    "Name": "Акмарал",
    "MiddleName": "Маратовна",
    "Surname": "Тотаева",
    "Pasport": "740311400145",
    "Street": "Конаева 810",
    "City": "Qasqelen",
    "Region": "Алматинская Область",
    "Post": "040900",
    "Number": 77070220000
  },
  {
    "FullName": "Ершокенов Турысбек Ершокенулы",
    "Name": "Турысбек",
    "MiddleName": "Ершокенулы",
    "Surname": "Ершокенов",
    "Pasport": "510612301864",
    "Street": "Динмухаммед Конаев кошеси, 654",
    "City": "Kaskelen",
    "Region": "Алматинская Область",
    "Post": "040901",
    "Number": 77052050505
  },
  {
    "FullName": "Сейт Жасулан",
    "Name": "Жасулан",
    "MiddleName": "Сейт",
    "Surname": "Сейт",
    "Pasport": "850816303166",
    "Street": "Оралбекова 662",
    "City": "Каскелен",
    "Region": "Алматы Облысы",
    "Post": "040904",
    "Number": 77002949064
  },
  {
    "FullName": "Есен Айман Есен",
    "Name": "Айман",
    "MiddleName": "Есен",
    "Surname": "Есен",
    "Pasport": "870228402875",
    "Street": "Момышулы 0324",
    "City": "Каскелен",
    "Region": "Алматы Облысы",
    "Post": "040900",
    "Number": 77479999009
  },
  {
    "FullName": "Мухаметкерим Есхат Мухаметкерим",
    "Name": "Есхат",
    "MiddleName": "Мухаметкерим",
    "Surname": "Мухаметкерим",
    "Pasport": "960205300965",
    "Street": "Уябаева 299Б",
    "City": "Каскелен",
    "Region": "Almaty Region",
    "Post": "040900",
    "Number": 77088462330
  },
  {
    "FullName": "Мухамедияр Нурбакыт Мухамедияр",
    "Name": "Нурбакыт",
    "MiddleName": "Мухамедияр",
    "Surname": "Мухамедияр",
    "Pasport": "980320300984",
    "Street": "Агынтай Батыра 630А",
    "City": "Каскелен",
    "Region": "Алматинская Область",
    "Post": "040900",
    "Number": 77005501998
  },
  {
    "FullName": "Асылбек Биржан Абрахманулы",
    "Name": "Биржан",
    "MiddleName": "Абрахманулы",
    "Surname": "Асылбек",
    "Pasport": "880721303016",
    "Street": "Алтын Ауыл 620/6 КВ 301В",
    "City": "Qasqelen",
    "Region": "Алматинская Область",
    "Post": "040900",
    "Number": 77072576847
  },
  {
    "FullName": "Жазылбеков Бахытжан Тлеулесович",
    "Name": "Бахытжан",
    "MiddleName": "Тлеулесович",
    "Surname": "Жазылбеков",
    "Pasport": "790831302909",
    "Street": "Бухар Жырау 307А",
    "City": "Kaskelen",
    "Region": "Алматинская Область",
    "Post": "040900",
    "Number": 77073226115
  },
  {
    "FullName": "Боранбай Ерхат Асхатулы",
    "Name": "Ерхат",
    "MiddleName": "Асхатулы",
    "Surname": "Боранбай",
    "Pasport": "960731300945",
    "Street": "Кобелекова 741А",
    "City": "Каскелен",
    "Region": "Almaty Region",
    "Post": "040900",
    "Number": 77472092979
  },
  {
    "FullName": "Бактараз Темирлан Мадибекулы",
    "Name": "Темирлан",
    "MiddleName": "Мадибекулы",
    "Surname": "Бактараз",
    "Pasport": "981119301125",
    "Street": "ЖК Алтын Ауыл 669",
    "City": "Каскелен",
    "Region": "Алматы Облысы",
    "Post": "040900",
    "Number": 77754336690
  },
  {
    "FullName": "Даулетова Айгуль Жанабайкызы",
    "Name": "Айгуль",
    "MiddleName": "Жанабайкызы",
    "Surname": "Даулетова",
    "Pasport": "960308451282",
    "Street": "Жана коктем 881В",
    "City": "Каскелен",
    "Region": "Алматы Облысы",
    "Post": "040900",
    "Number": 77055741217
  }
  
]